Top queries,Clicks,Impressions,CTR,Position
rock paper scissors online,1,102,0.98%,60.45
rock paper scissors multiplayer,1,6,16.67%,41.83
strip rps game,1,2,50%,23
rock paper scissors game online,0,54,0%,61.44
paper rock scissors online,0,29,0%,64.34
rock paper scissors online game,0,18,0%,58.94
paper scissors rock online,0,16,0%,61.94
online rock paper scissors,0,16,0%,67.69
rps game,0,16,0%,74.81
rock paper scissors games online,0,13,0%,57.08
rock scissors paper online,0,13,0%,60.31
rock paper scissor online,0,11,0%,52.64
online paper rock scissors,0,11,0%,61
online scissors paper rock,0,11,0%,75.64
rps online,0,9,0%,42.22
paper rock scissors game online,0,9,0%,56.89
online rock paper scissors game,0,9,0%,72.22
rpsgame,0,8,0%,54.25
rock paper game online,0,8,0%,75.38
online paper scissors rock,0,7,0%,50.57
paper scissors stone online,0,7,0%,63.43
rock paper scissor game online,0,7,0%,64.71
strip rock paper scissors game online,0,5,0%,32.2
rock paper scissors online 2 player,0,5,0%,51.2
rock paper scissors play online,0,5,0%,78.4
rock paper scissors online with friends,0,4,0%,43.25
rock paper scissors game 2 player,0,4,0%,52.25
rock scissor paper online,0,4,0%,55
play rock paper scissors online,0,4,0%,66
extreme rock paper scissors online game,0,4,0%,68
rock paper scissors website,0,4,0%,69
virtual rock paper scissors,0,4,0%,81.25
scissors paper rock online,0,3,0%,45.33
rock paper scissors games,0,3,0%,49
rock paper scissors 2,0,3,0%,51.67
2 player games rock paper scissors,0,3,0%,75.33
stone paper scissor game,0,2,0%,33.5
online rps,0,2,0%,41
online rock paper scissors with friends,0,2,0%,45
scissors online,0,2,0%,51.5
rock paper scissors,0,2,0%,57.5
rock paper scissors icq online,0,2,0%,57.5
scissors rock paper game,0,2,0%,61.5
rock paper scissors game multiplayer,0,2,0%,68.5
scissor paper rock online,0,2,0%,74.5
rock game online,0,2,0%,75
play rock paper scissors,0,2,0%,75.5
rock paper scissors online generator,0,2,0%,76
2 player rock paper scissors,0,2,0%,77.5
play rock paper scissors game,0,2,0%,93.5
rock paper scissor - sexy plus,0,1,0%,14
rock paper scissors icq,0,1,0%,16
strip rock paper scissors online game,0,1,0%,18
play stone paper scissors online,0,1,0%,20
rock paper scissors game online play,0,1,0%,32
scissor online,0,1,0%,33
game rock paper scissors,0,1,0%,38
strip rock paper scissors online,0,1,0%,44
rock paper scissors game,0,1,0%,47
paper io 2 play with friends,0,1,0%,53
rps games,0,1,0%,53
play rps online,0,1,0%,56
paper scissors rock game,0,1,0%,57
play scissors,0,1,0%,57
stone paper scissors games,0,1,0%,57
rock paper scissors play,0,1,0%,59
stone scissors paper game,0,1,0%,62
rock paper scissors online infinite,0,1,0%,65
rock paper scissors generator 2 player,0,1,0%,66
rock paper scissors 2 player game,0,1,0%,67
rock paper scissors rps,0,1,0%,67
rps rock paper scissors,0,1,0%,67
multiplayer rock paper scissors,0,1,0%,68
rock paper siccors online,0,1,0%,69
rock paper scissors 1v1,0,1,0%,70
rock paper scissors two player,0,1,0%,70
rock paper scissors lizard spock online,0,1,0%,81
two player rock paper scissors,0,1,0%,84
rock paper scissors 2 player,0,1,0%,86
rock paper scissors game anything,0,1,0%,96